TWiki (R) was written by Peter Thoeny, based on parts of Ward Cunningham's
original Wiki and Jos Wiki, and has been further developed by Peter and other
TWiki Contributors.

TWiki is copyright as described in the file COPYRIGHT in the root of this 
distribution and is licensed under the terms of the GNU General Public
License as described in the file LICENSE accompanying this notice. The people
listed below are identified as joint copyright owners.

A TWiki Contributor is defined as a person who has contributed:
   * features or bugs that were taken into the TWiki core distribution, or
   * work on extensions that are part of the TWiki core distribution, or
   * considerably to the TWiki documentation, or
   * major contribtions to translations.

This document identifies the following people as authors of TWiki.

| *Name*               | *Contact*                      | *Country*   |
| Aaron L. Walker      | TWiki:Main.AaronLWalker        | Canada      |
| Adam Theo            | TWiki:Main.AdamTheo            | USA         |
| Adrian Lynch         | TWiki:Main.AdrianLynch         | Australia   |
| Al Williams          | TWiki:Main.AlWilliams          | USA         |
| Alex Tananaev        | TWiki:Main.AlexTananaev        | Russia      |
| Amanda Smith         | TWiki:Main.AmandaSmith         | USA         |
| Andrea Sterbini      | TWiki:Main.AndreaSterbini      | Italy       |
| Andre Ulrich         | TWiki:Main.AndreUlrich         | Germany     |
| Andrew Moise         | TWiki:Main.AndrewMoise         | USA         |
| Andrew R. Jones      | TWiki:Main.AndrewRJones        | UK          |
| Andrey Tkachenko     | TWiki:Main.AndreyTkachenko     | Russia      |
| Anton Aylward        | TWiki:Main.AntonAylward        | Canada      |
| Antonio Bellezza     | TWiki:Main.AntonioBellezza     | Italy       |
| Antonio Terceiro     | TWiki:Main.AntonioTerceiro     | Brazil      |
| Arthur Clemens       | TWiki:Main.ArthurClemens       | Netherlands |
| Barry Lake           | TWiki:Main.BarryLake           | USA         |
| Ben Houston          | TWiki:Main.BenHouston          | USA         |
| Ben Voui             | TWiki:Main.BenVoui             | France      |
| Bryan Kitts          | TWiki:Main.BryanKitts          | UK          |
| Brig Johnson         | TWiki:Main.BrigJohnson         | USA         |
| Carlinhos Cecconi    | TWiki:Main.CarlinhosCecconi    | Brazil      |
| Carl Patten          | TWiki:Main.CarlPatten          | USA         |
| Caylan Larson        | TWiki:Main.CaylanLarson        | USA         |
| Che Dong             | TWiki:Main.CheDong             | China       |
| Chris Lahti          | TWiki:Main.ChrisLahti          | USA         |
| Chris Rae            | TWiki:Main.ChrisRae            | South Africa |
| Christian Otkjaer    | TWiki:Main.ChristianOtkjaer    | Denmark     |
| Christopher Oezbek   | TWiki:Main.ChristopherOezbek   | Germany     |
| Christophe Vermeulen | TWiki:Main.ChristopheVermeulen | Belgium     |
| Claus Brunzema       | TWiki:Main.ClausBrunzema       | Germany     |
| Colas Nahaboo        | TWiki:Main.ColasNahaboo        | France      |
| Corey Fruitman       | TWiki:Main.CoreyFruitman       | Canada      |
| Crawford Currie      | TWiki:Main.CrawfordCurrie      | UK          |
| Cris Bailiff         | TWiki:Main.CrisBailiff         | Australia   |
| Dan Boitnott         | TWiki:Main.DanBoitnott         | USA         |
| Dave Harris          | drh[at]bhresearch.co.uk        | UK          |
| David D. Allen       | TWiki:Main.DavidDAllen         | USA         |
| David Sachitano      | TWiki:Main.DavidSachitano      | USA         |
| David Tonhofer       | TWiki:Main.DavidTonhofer       | Luxembourg  |
| David W. Tucker      | TWiki:Main.DavidWTucker        | USA         |
| David Warman         | TWiki:Main.DavidWarman         | USA         |
| Dipu Deshmukh        | TWiki:Main.DipuDeshmukh        | USA         |
| E. A. Cohen          | TWiki:Main.EaCohen             | USA         |
| Enrique Melendez     | TWiki:Main.EnriqueMelendez     | Spain       |
| Eric Schwertfeger    | TWiki:Main.EricSchwertfeger    | Germany     |
| Erik &aring;man      | TWiki:Main.ErikAman            | Sweden      |
| Erik Johansen        | TWiki:Main.ErikJohansen        | Denmark     |
| Florian Weimer       | http://www.enyo.de/fw/         | Germany     |
| Frank Smith          | TWiki:Main.FrankSmith          | Canada      |
| Gabriel Araujo       | TWiki:Main.GabrielAraujo       | Brazil      |
| Gary Sprague         | TWiki:Main.GarySprague         | USA         |
| Gilmar Santos Jr     | TWiki:Main.GilmarSantosJr      | Brazil      |
| George Trubisky      | TWiki:Main.GeorgeTrubisky      | USA         |
| Gertjan van Oosten   | TWiki:Main.GertjanVanOosten    | Netherlands |
| Grant Bowman         | TWiki:Main.GrantBow            | USA         |
| Greg Abbas           | TWiki:Main.GregAbbas           | USA         |
| Guido Ostkamp        | TWiki:Main.GuidoOstkamp        | Germany     |
| Harold Gottschalk    | TWiki:Main.HaroldGottschalk    | USA         |
| Harald Joerg         | TWiki:Main.HaraldJoerg         | Germany     |
| Horst Esser          | TWiki:Main.HorstEsser          | Germany     |
| Heikki Toivonen      | TWiki:Main.HeikkiToivonen      | USA         |
| Hideyo Imazu         | TWiki:Main.HideyoImazu         | Japan       |
| Ian Berdei           | TWiki:Main.IanBerdei           | USA         |
| Ian Kluft            | TWiki:Main.IanKluft            | USA         |
| Ivan Kuncl           | TWiki:Main:IvanKuncl           | Czech Republic |
| J Christoph Fuchs    | TWiki:Main.JChristophFuchs     | Germany     |
| Jani Hamalainen      | TWiki:Main.JaniHamalainen      | Canada      |
| Jaromir Houdek       | TWiki:Main.JaromirHoudek       | Czech Republic |
| Jean Fruitet         | TWiki:Main.JeanFruitet         | France      |
| Jeanb Dupont         | TWiki:Main.JeanbDupont         | France      |
| Jeffery Martin       | TWiki:Main.JefferyMartin       | USA         |
| Joenio Costa         | TWiki:Main.JoenioCosta         | Brazil      |
| Jeremy Suk           | TWiki:Main.JeremySuk           | Japan       |
| John Talintyre       | TWiki:Main.JohnTalintyre       | UK          |
| John Worsley         | TWiki:Main.JohnWorsley         | USA         |
| Jonas Thomsen        | TWiki:Main.JonasThomsen        | Denmark     |
| Joseph Zamzow        | TWiki:Main.JosephZamzow        | USA         |
| Julian Collins       | TWiki:Main.JulianCollins       | UK          |
| Justin Kim           | TWiki:Main.JustinKim           | Republic of Korea |
| Ken Yuminaga         | TWiki:Main.KenYuminaga         | Japan       |
| Kwang Ern Liew       | TWiki:Main.KwangErnLiew        | Belgium     |
| Kenneth Lavrsen      | TWiki:Main.KennethLavrsen      | Denmark     |
| Kevin Kinnell        | TWiki:Main.KevinKinnell        | USA         |
| Kim Covil            | TWiki:Main.KimCovil            | UK          |
| Klaus Ethgen         | TWiki:Main.KlausEthgen         | Switzerland |
| Klaus Wriessnegger   | TWiki:Main.KlausWriessnegger   | Germany     |
| Krassimir Berov      | TWiki:Main.KrassimirBerov      | Bulgaria    |
| Koen Martens         | TWiki:Main.KoenMartens         | Netherlands |
| Lynnwood Brown       | TWiki:Main.LynnwoodBrown       | USA         |
| Mahiro Ando          | TWiki:Main.MahiroAndo          | Japan       |
| Manpreet Singh       | TWiki:Main.ManpreetSingh       | USA         |
| Malcolm Neumeyer     | TWiki:Main.MalcolmNeumeyer     | USA         |
| Marco Antonio Gonzalez Parra |                        | Mexico      |
| Mario Frasca         | TWiki:Main.MarioFrasca         | Italy       |
| Markus Hesse         | TWiki:Main.MarkusHesse         | Germany     |
| Markus Peter         | !SPiN !GmbH (warpi[at]spin.de) | Germany     |
| Markus Ueberall      | TWiki:Main.MarkusUeberall      | Germany     |
| Martin Cleaver       | TWiki:Main.MartinCleaver       | Canada /UK  |
| Martin Gregory       | TWiki:Main.MartinGregory       | Australia   |
| Martin Raabe         | TWiki:Main.MartinRaabe         | Germany     |
| Marzia Mastrogiacomo | TWiki:Main.MarziaMastrogiacomo | Italy       |
| Massimo Mancini      | TWiki:Main.MassimoMancini      | Italy       |
| Mateusz Ples         | TWiki:Main.MateuszPles         | Poland      |
| Matt Wilkie          | TWiki:Main.MattWilkie          | Canada      |
| Max Justicz          | maxj[at]mit[dot]edu            | USA         |
| Meredith Lesly       | TWiki:Main.MeredithLesly       | USA         |
| Michael Berger       | TWiki:Main.MichaelBerger2012   | Germany     |
| Michael Daum         | TWiki:Main.MichaelDaum         | Germany     |
| Michael Gulitz       | TWiki:Main.MichaelGulitz       | Germany     |
| Michael Roberts      | TWiki:Main.MichaelRoberts      | USA         |
| Michael Sparks       | TWiki:Main.MichaelSparks       | UK          |
| Mike Doherty         | TWiki:Main.MikeDoherty         | Canada      |
| Nick Thorpe          | TWiki:Main.NickThorpe          | USA         |
| Miguel A. Bayona     | TWiki:Main.MiguelABayona       | Spain       |
| Mike Mannix          | TWiki:Main.MikeMannix          | USA         |
| Mike Salisbury       | TWiki:Main.MikeSalisbury       | USA         |
| Mirian Bruckschen    | TWiki:Main.MirianBruckschen    | Brazil      |
| Moritz Naumann       | TWiki:Main.MoritzNaumann       | Germany     |
| Neil !McCurdy        | TWiki:Main.NeilMcCurdy         | USA         |
| Nicholas Lee         | TWiki:Main.NicholasLee         | New Zealand |
| Niels Koldso         | TWiki:Main.NielsKoldso         | Denmark     |
| Oliver Krueger       | TWiki:Main.OliverKrueger       | Germany     |
| Olivier Raginel      | TWiki:Main.OlivierRaginel      | France      |
| Paul Merchant, Jr.   | TWiki:Main.PaulMerchantJr      | USA         |
| Paul Reiber          | TWiki:Main.PaulReiber          | USA         |
| Pauline Cheung       | TWiki:Main.PaulineCheung       | USA         |
| Pavel Goran          | TWiki:Main.PavelGoran          | Russia      |
| Peter Fokkinga       | TWiki:Main.PeterFokkinga       | Netherlands |
| Peter Jones          | TWiki:Main.PeterJones          | Switzerland |
| Peter Lorenzen       | TWiki:Main.PeterLorenzen       | Denmark     |
| Peter Nixon          | TWiki:Main.PeterNixon          | USA         |
| Peter Thoeny         | TWiki:Main.PeterThoeny         | USA         |
| Philippe Latulippe   | TWiki:Main.PhilippeLatulippe   | Canada      |
| Phillip Huang        | TWiki:Main.PhillipHuang        | China       |
| Rafael Alvarez       | TWiki:Main.RafaelAlvarez       | Venezuela   |
| Randy Kramer         | TWiki:Main.RandyKramer         | USA         |
| Raymond Lutz         | TWiki:Main.RaymondLutz         | USA         |
| Richard Donkin       | TWiki:Main.RichardDonkin       | UK          |
| Rodolphe Vidal       | TWiki:Main.RodolpheVidal       | France      |
| Roland Oldenburg     | TWiki:Main.RolandOldenburg     | Germany     |
| Ryan Freebern        | TWiki:Main.RyanFreebern        | USA         |
| Sam Hasler           | TWiki:Main.SamHasler           | UK          |
| Sebastian Klus       | TWiki:Main.SebastianKlus       | Costa Rica  |
| Scott Gutman         | TWiki:Main.ScottGutman         | USA         |
| Sergej Znamenskij    | TWiki:Main.SergejZnamenskij    | Russia      |
| Sergey "JSinx"       | TWiki:Main.SergeyJSinx         | Russia      |
| Serhij Dubyk         | TWiki:Main.SerhijDubyk         | Ukraine     |
| Sopan Shewale        | TWiki:Main.SopanShewale        | India       |
| Spiros Denaxas       | TWiki:Main.SpirosDenaxas       | UK          |
| Stanley Knutson      | TWiki:Main.StanleyKnutson      | USA         |
| Stefan Scherer       | TWiki:Main.StefanScherer       | Germany     |
| Stefan Walter        | TWiki:Main.StefanWalter        | Switzerland |
| Steffen Poulsen      | TWiki:Main.SteffenPoulsen      | Denmark     |
| Stephane Lenclud     | TWiki:Main.StephaneLenclud     | Germany     |
| Steve Milner         | TWiki:Main.SteveMilner         | USA         |
| Sue Blake            | TWiki:Main.SueBlake            | Australia   |
| Sven Dowideit        | TWiki:Main.SvenDowideit        | Australia   |
| Tait Cyrus           | TWiki:Main.TaitCyrus           | USA         |
| Ted Pavlic           | TWiki:Main.TedPavlic           | USA         |
| Terje Andersen       | TWiki:Main.TerjeAndersen       | Switzerland |
| Thomas Erskine       | TWiki:Main.ThomasErskine       | Canada      |
| Thomas Freudenberg   | TWiki:Main.ThomasFreudenberg   | Germany     |
| Thomas Weigert       | TWiki:Main.ThomasWeigert       | USA         |
| Timothe Litt         | TWiki:Main.TimotheLitt         | USA         |
| Tom Arnst            | TWiki:Main.TomArnst            | Finland     |
| Torsten Eriksson     | TWiki:Main.TorstenEriksson     | Sweden      |
| Travis Barker        | TWiki:Main.TravisBarker        | USA /Sweden |
| Vernon Lyon          | TWiki:Main.VernonLyon          | UK          |
| Vicki Brown          | TWiki:Main.VickiBrown          | USA         |
| Victor Kamau         | TWiki:Main.VictorKamau         | Kenya       |
| Vito Miliano         | TWiki:Main.VitoMiliano         | USA         |
| Vladimir Marek       | TWiki:Main.VladimirMarek       | Czech Republic |
| Walter Mundt         | TWiki:Main.WalterMundt         | USA         |
| Will Norris          | TWiki:Main.WillNorris          | Mexico      |
| Willem Engen         | TWiki:Main.WillemEngen         | Netherlands |
| Wout Mertens         | TWiki:Main.WoutMertens         | Belgium     |
| Yaojun Fei           | TWiki:Main.YaojunFei           | China       |
| Zbigniew Kulesza     | TWiki:Main.ZbigniewKulesza     | Poland      |
